Name,Brand,Model,Battery capacity (mAh),Screen size,Touchscreen,Resolution,Processor,RAM,Internal storage,Rear camera,Front camera,Operating system,Wi-Fi,Bluetooth,GPS,Number of SIMs,3G,4G/ LTE,Price,Description
OnePlus 7T Pro McLaren Edition,OnePlus,7T Pro McLaren Edition,4085,6.67,Yes,1440,8 GHz,12000 MB,256 GB,48,16,Android,Yes,Yes,Yes,2,Yes,Yes,"80,000","OnePlus 7T Pro McLaren Edition is a gaming mobile that combines powerful performance and affordability. It features an Battery capacity of 4085, ensuring smooth multitasking and efficient computing. With 12000 MB of RAM and Internal Storage of 256 GB, Processor speed of 8, it offers quick data access and ample storage capacity. The mobile sports a vibrant 1440 resolution, delivering crisp visuals and immersive viewing experience. Very Good for gaming"
iPhone 11 Pro Max,Apple,iPhone 11 Pro Max,3969,6.5,Yes,1242,6 GHz,4000 MB,64 GB,12,12,iOS,Yes,Yes,Yes,2,Yes,Yes,"1,06,900","iPhone 11 Pro Max is a versatile mobile that combines powerful performance and affordability. It features an Battery capacity of 3969, ensuring smooth multitasking and efficient computing. With 4000 MB of RAM and Internal Storage of 64 GB, it offers quick data access and ample storage capacity. It has a processor speed of 6. The mobile sports a vibrant 1242 resolution, delivering crisp visuals and immersive viewing experience. Priced at 106900, it offers a great mobile for high end customers and gaming."
Samsung Galaxy Note 10+,Samsung,Galaxy Note 10+,4300,6.8,Yes,1440,8 GHz,12000 MB,256 GB,12,10,Android,Yes,Yes,Yes,2,Yes,Yes,"79,699","The Samsung Galaxy Note 10+  is a mobile that provides high performance for buisness users. It features 4300 mAH of Battery offering reliable computing power for business tasks. With 12000 MB of RAM, it provides adequate memory and with internal storage of 256 GB storage capacity. The mobile sports a resolution of 1440, delivering decent visuals for multimedia consumption. With 8 GHz of processor, provides awesome mobile for business usage. Priced at 79699, it offers a great mobile for people on the business trips."
HTC U11,HTC,U11,3000,5.5,Yes,1440,8 GHz,6000 MB,128 GB,12,16,Android,Yes,Yes,Yes,2,Yes,Yes,"53,990","HTC U11 is a versatile mobile that combines powerful performance and affordability. It features an Battery capacity of 3000, ensuring efficient computing. With 6000 MB of RAM and Internal Storage of 128 GB, it offers quick data access and ample storage capacity. The mobile sports a vibrant 1440 resolution, delivering crisp visuals and immersive viewing experience. Priced at 53990, it offers a great mobile for office goers"
Realme 5s,Realme,5s,5000,6.5,Yes,720,8 GHz,4000 MB,64 GB,48,13,Android,Yes,Yes,Yes,2,Yes,Yes,"9,999","The Realme 5s is a mobile that balances performance and affordability. It features 5000 mAH of Battery offering reliable computing power for everyday tasks. With 4000 MB of RAM, it provides adequate memory and with internal storage of 64 MB storage capacity. The laptop sports a resolution of 720, delivering decent visuals for multimedia consumption. With 8 GHz of processor, provides decent mobile for everyday uage. Priced at 9999, it offers affordability for users on a budget."
iBall Andi4 B20,iBall,Andi4 B20,1250,4,Yes,480,1 GHz,256 MB,0.512 GB,2,0.3,Android,Yes,Yes,Yes,2,Yes,No,"2,498","The iBall Andi4 B20  is a mobile for everyday use and affordability. Best for students in school and colleges. It features 1250 mAH of Battery is enough for general calling. With 256 MB of RAM, it provides adequate memory and with internal storage of 0.512 GB of storage capacity. The mobile sports a resolution of 480. With 1 GHz of processor, provides decent mobile for students. Priced at 2498, it offers affordability for students."
